Player Name,DOB,International,Positional Number,Position,Player Image,International Image,Max Game Total Distance,Max Game High Speed Running,Max Game Max Speed
Alaba,2/14/1996,AUS,#4,Defender,https://i.pinimg.com/originals/a7/ff/fe/a7fffead99df6cf3c1f85da939f72704.png,https://upload.wikimedia.org/wikipedia/commons/thumb/4/41/Flag_of_Austria.svg/255px-Flag_of_Austria.svg.png,13068,1192,9
Asensio,6/30/1995,ESP,#11,Forward,https://bet-bet.net/wp-content/uploads/2021/06/Marco-Asensio-450x450.png,https://upload.wikimedia.org/wikipedia/commons/8/89/Bandera_de_Espa%C3%B1a.svg,10786,953,8.62
Bale,5/5/1995,WAL,#25,Forward,https://b.fssta.com/uploads/application/soccer/headshots/862.png,https://cdn.britannica.com/62/4962-004-7D6CF6DB/Flag-Wales.jpg,10000,800,8.91
Benzema,1/1/1993,FRA,#9,Forward,https://i.pinimg.com/originals/a8/ae/24/a8ae240491f44ba77a27fdb26e26af33.png,https://cdn.britannica.com/82/682-004-F0B47FCB/Flag-France.jpg,12151,1707,9.52
Camavinga,3/15/1998,FRA,#12,Midfielder,https://www.sportball.es/wp-content/uploads/2021/08/Eduardo-Camavinga-Real-Madrid-450x450.png,https://cdn.britannica.com/82/682-004-F0B47FCB/Flag-France.jpg,9638,541,9.43
Carvajal,8/10/1998,ESP,#2,Defender,https://publish-p47754-e237306.adobeaemcloud.com/adobe/dynamicmedia/deliver/dm-aid--2e3bad0e-e20c-407d-a2dd-544b14c88137/_383195957791.app.png?preferwebp=true&width=420,https://upload.wikimedia.org/wikipedia/commons/8/89/Bandera_de_Espa%C3%B1a.svg,11216,1045,9.5
Casemiro,3/3/1996,BRA,#14,Midfielder,https://www.footballtodaylive.com/team-logo/Casemiro.png,https://upload.wikimedia.org/wikipedia/en/thumb/0/05/Flag_of_Brazil.svg/640px-Flag_of_Brazil.svg.png,11331,1283,9.16
Ceballos,12/10/1995,ESP,#19,Midfielder,https://publish-p47754-e237306.adobeaemcloud.com/adobe/dynamicmedia/deliver/dm-aid--c1940e79-95b3-4bb5-8adf-0849f84c2c5e/_330502393502.app.png?preferwebp=true&width=420,https://upload.wikimedia.org/wikipedia/commons/8/89/Bandera_de_Espa%C3%B1a.svg,13068,1192,9.71
Hazard,2/1/1991,BEL,#7,Forward,https://i.pinimg.com/originals/3a/65/21/3a6521421b051baf6af5a5c696b139dd.png,https://flagsweb.com/Flag_Colours/Belgium_Flag_Colours.jpg,12176,1046,9.32
Isco,9/11/1999,ESP,#1,Midfielder,https://b.fssta.com/uploads/application/soccer/headshots/873.png,https://upload.wikimedia.org/wikipedia/commons/8/89/Bandera_de_Espa%C3%B1a.svg,11013,1099,8.62
Kroos,10/29/1992,GER,#8,Midfielder,https://publish-p47754-e237306.adobeaemcloud.com/adobe/dynamicmedia/deliver/dm-aid--503de83a-62df-4c8a-b047-bedb22002ae4/_405531873648.app.png?preferwebp=true&width=420,https://upload.wikimedia.org/wikipedia/en/thumb/b/ba/Flag_of_Germany.svg/1200px-Flag_of_Germany.svg.png,11471,849,9.25
Marcelo,4/20/1997,BRA,#13,Defender,https://b.fssta.com/uploads/application/soccer/headshots/879.png,https://upload.wikimedia.org/wikipedia/en/thumb/0/05/Flag_of_Brazil.svg/640px-Flag_of_Brazil.svg.png,10687,833,9.79
Mariano,4/4/1994,ESP,#24,Forward,https://th.bing.com/th/id/R.377d534d71c8243b2c30d97d5d84cf50?rik=QQy0qKSPacu5lA&pid=ImgRaw&r=0,https://upload.wikimedia.org/wikipedia/commons/8/89/Bandera_de_Espa%C3%B1a.svg,13068,1192,9.34
Mendy,3/3/1993,FRA,#23,Defender,https://e00-especiales-marca.uecdn.es/real-madrid/images/campeon-liga/jugadores/mendy.png,https://cdn.britannica.com/82/682-004-F0B47FCB/Flag-France.jpg,12151,1707,8.91
Militao,4/20/2001,BRA,#3,Defender,https://assets.laliga.com/squad/2019/t186/p218449/512x556/p218449_t186_2019_1_001_000.png,https://upload.wikimedia.org/wikipedia/en/thumb/0/05/Flag_of_Brazil.svg/640px-Flag_of_Brazil.svg.png,12151,1707,9.86
Modric,12/18/1994,CRO,#10,Forward,https://i.pinimg.com/originals/84/89/0c/84890c067bbb3678be554918761bb1e7.png,https://cdn.britannica.com/06/6206-004-14730C28/Flag-Croatia.jpg,11275,474,9
Nacho,10/23/1990,ESP,#6,Defender,https://www.thesportsdb.com/images/media/player/cutout/h8pxb91632218817.png,https://upload.wikimedia.org/wikipedia/commons/8/89/Bandera_de_Espa%C3%B1a.svg,11417,1161,9.12
Odriozola,8/22/2001,ESP,#16,Defender,https://assets.laliga.com/squad/2022/t186/p201172/512x556/p201172_t186_2022_0_001_000.png,https://upload.wikimedia.org/wikipedia/commons/8/89/Bandera_de_Espa%C3%B1a.svg,12754,716,10.3
Rodrygo,1/1/1991,BRA,#21,Forward,https://themadridzone.com/wp-content/uploads/2023/09/RODRYGO.png,https://upload.wikimedia.org/wikipedia/en/thumb/0/05/Flag_of_Brazil.svg/640px-Flag_of_Brazil.svg.png,11275,713,8.92
Rudiger,2/2/1992,GER,#22,Defender,https://www.sportball.es/wp-content/uploads/2022/08/Antonio-Rudiger.png,https://upload.wikimedia.org/wikipedia/en/thumb/b/ba/Flag_of_Germany.svg/1200px-Flag_of_Germany.svg.png,13068,1192,8.91
Tchouameni,11/4/1994,FRA,#18,Midfielder,https://assets.laliga.com/squad/2022/t186/p219292/512x556/p219292_t186_2022_0_001_000.png,https://cdn.britannica.com/82/682-004-F0B47FCB/Flag-France.jpg,10561,962,9.42
Vallejo,2/19/1996,ESP,#5,Defender,https://assets.laliga.com/squad/2019/t186/p178876/512x556/p178876_t186_2019_1_001_000.png,https://upload.wikimedia.org/wikipedia/commons/8/89/Bandera_de_Espa%C3%B1a.svg,11417,1161,9.28
Valverde,7/21/2000,URU,#15,Midfielder,https://publish-p47754-e237306.adobeaemcloud.com/adobe/dynamicmedia/deliver/dm-aid--5358608e-1559-4394-8315-bf75a30b7b66/_330415554020.app.png?preferwebp=true&width=420,https://upload.wikimedia.org/wikipedia/commons/f/fe/Flag_of_Uruguay.svg,11193,1207,9.79
Vasquez,12/3/1993,ESP,#17,Midfielder,https://b.fssta.com/uploads/application/soccer/players/615579.vresize.350.425.medium.71.png,https://upload.wikimedia.org/wikipedia/commons/8/89/Bandera_de_Espa%C3%B1a.svg,10369,695,9.08
Vinicius Jr,1/12/1996,BRA,#20,Forward,"https://images-wixmp-ed30a86b8c4ca887773594c2.wixmp.com/f/133e6c55-9a73-40e6-ad75-1eba073ae34d/dfzsk99-ad932ca0-7f08-4869-a2a9-b542578de3d4.png/v1/fill/w_800,h_999/vinicius_jr_by_maiteswift_dfzsk99-pre.png?token=eyJ0eXAiOiJKV1QiLCJhbGciOiJIUzI1NiJ9.eyJzdWIiOiJ1cm46YXBwOjdlMGQxODg5ODIyNjQzNzNhNWYwZDQxNWVhMGQyNmUwIiwiaXNzIjoidXJuOmFwcDo3ZTBkMTg4OTgyMjY0MzczYTVmMGQ0MTVlYTBkMjZlMCIsIm9iaiI6W1t7ImhlaWdodCI6Ijw9MTU5NyIsInBhdGgiOiJcL2ZcLzEzM2U2YzU1LTlhNzMtNDBlNi1hZDc1LTFlYmEwNzNhZTM0ZFwvZGZ6c2s5OS1hZDkzMmNhMC03ZjA4LTQ4NjktYTJhOS1iNTQyNTc4ZGUzZDQucG5nIiwid2lkdGgiOiI8PTEyODAifV1dLCJhdWQiOlsidXJuOnNlcnZpY2U6aW1hZ2Uub3BlcmF0aW9ucyJdfQ.9v-Jp_TGZqybG5S0dYmUQ6FdzjKe2vlK0AcSStGP734",https://upload.wikimedia.org/wikipedia/en/thumb/0/05/Flag_of_Brazil.svg/640px-Flag_of_Brazil.svg.png,12754,1192,9.89
